<?xml version="1.0" encoding="UTF-8" standalone="yes"?>
<ns2:ExportManifest xmlns:ns2="http://www.pentaho.com/schema/">
    <ExportManifestInformation exportDate="10-06-2016 01:44:15 CEST" exportBy="admin" rootFolder="/public/" manifestVersion="2"/>
    <ExportManifestEntity path="hotel2.wcdf">
        <ExportManifestProperty>
            <EntityMetaData name="hotel2.wcdf" createdDate="2016-06-02T20:43:08.915+02:00" isFolder="false" path="hotel2.wcdf" isHidden="false" locale="es_ES" description="hotel2" title="hotel2"/>
        </ExportManifestProperty>
        <ExportManifestProperty>
            <EntityAcl>
                <entriesInheriting>true</entriesInheriting>
                <owner>admin</owner>
                <ownerType>USER</ownerType>
            </EntityAcl>
        </ExportManifestProperty>
    </ExportManifestEntity>
</ns2:ExportManifest>
